Feature,Importance
EXT_SOURCE_2,284
EXT_SOURCE_1,235
EXT_SOURCE_3,223
PAYMENT_RATE,202
DAYS_EMPLOYED,101
INSTAL_DPD_MEAN,92
AMT_ANNUITY,83
DAYS_BIRTH,82
INSTAL_AMT_PAYMENT_SUM,76
CODE_GENDER,72
INSTAL_AMT_PAYMENT_MIN,67
PREV_CNT_PAYMENT_MEAN,67
AMT_CREDIT,66
ACTIVE_DAYS_CREDIT_MAX,59
OWN_CAR_AGE,59
INSTAL_DAYS_ENTRY_PAYMENT_MEAN,58
APPROVED_CNT_PAYMENT_MEAN,54
AMT_GOODS_PRICE,50
ANNUITY_INCOME_PERC,50
NAME_EDUCATION_TYPE_Higher_education,46
POS_MONTHS_BALANCE_SIZE,46
INSTAL_DAYS_ENTRY_PAYMENT_MAX,45
APPROVED_AMT_DOWN_PAYMENT_MAX,43
POS_SK_DPD_DEF_MEAN,42
PREV_APP_CREDIT_PERC_MIN,41
DAYS_EMPLOYED_PERC,40
INSTAL_PAYMENT_PERC_MEAN,37
BURO_AMT_CREDIT_MAX_OVERDUE_MEAN,34
PREV_NAME_CONTRACT_STATUS_Refused_MEAN,33
BURO_DAYS_CREDIT_MAX,31
PREV_APP_CREDIT_PERC_MEAN,30
ACTIVE_DAYS_CREDIT_ENDDATE_MEAN,30
ACTIVE_AMT_CREDIT_MAX_OVERDUE_MEAN,30
BURO_CREDIT_TYPE_Microloan_MEAN,30
BURO_AMT_CREDIT_SUM_MAX,29
NAME_CONTRACT_TYPE_Cash_loans,29
PREV_NAME_YIELD_GROUP_high_MEAN,29
ACTIVE_DAYS_CREDIT_ENDDATE_MAX,27
BURO_AMT_CREDIT_SUM_DEBT_MEAN,27
CLOSED_AMT_CREDIT_SUM_SUM,26
INSTAL_PAYMENT_DIFF_MEAN,25
BURO_CREDIT_ACTIVE_Closed_MEAN,25
INSTAL_AMT_PAYMENT_MEAN,24
INSTAL_DAYS_ENTRY_PAYMENT_SUM,24
BURO_DAYS_CREDIT_MEAN,23
INSTAL_DBD_SUM,23
FLAG_DOCUMENT_3,23
BURO_CREDIT_TYPE_Mortgage_MEAN,23
NAME_FAMILY_STATUS_Married,23
REGION_RATING_CLIENT_W_CITY,22
POS_MONTHS_BALANCE_MAX,22
ACTIVE_AMT_CREDIT_SUM_LIMIT_MEAN,22
DAYS_LAST_PHONE_CHANGE,22
DAYS_ID_PUBLISH,22
ACTIVE_DAYS_CREDIT_MEAN,21
PREV_NAME_PRODUCT_TYPE_walk_in_MEAN,20
BURO_AMT_CREDIT_SUM_SUM,20
PREV_NAME_YIELD_GROUP_low_normal_MEAN,20
PREV_NAME_YIELD_GROUP_low_action_MEAN,20
BURO_CREDIT_ACTIVE_Active_MEAN,19
APPROVED_AMT_ANNUITY_MEAN,19
BURO_DAYS_CREDIT_ENDDATE_MEAN,19
INSTAL_AMT_INSTALMENT_MAX,19
INCOME_CREDIT_PERC,18
INSTAL_AMT_INSTALMENT_SUM,18
INSTAL_PAYMENT_DIFF_SUM,18
PREV_NAME_CONTRACT_STATUS_Approved_MEAN,18
REFUSED_APP_CREDIT_PERC_MIN,17
NAME_EDUCATION_TYPE_Secondary_secondary_special,17
CLOSED_AMT_CREDIT_SUM_MAX,16
PREV_PRODUCT_COMBINATION_Cash_X_Sell_low_MEAN,16
REFUSED_DAYS_DECISION_MAX,16
DEF_30_CNT_SOCIAL_CIRCLE,15
BURO_STATUS_1_MEAN_MEAN,14
ACTIVE_DAYS_CREDIT_ENDDATE_MIN,14
APPROVED_APP_CREDIT_PERC_MAX,14
CLOSED_DAYS_CREDIT_VAR,13
CLOSED_AMT_CREDIT_MAX_OVERDUE_MEAN,13
CLOSED_AMT_CREDIT_SUM_MEAN,13
POS_COUNT,13
PREV_AMT_DOWN_PAYMENT_MAX,13
INSTAL_AMT_PAYMENT_MAX,12
REFUSED_DAYS_DECISION_MEAN,12
ACTIVE_AMT_CREDIT_SUM_OVERDUE_MEAN,12
ACTIVE_AMT_CREDIT_SUM_MAX,12
CLOSED_DAYS_CREDIT_MAX,12
INSTAL_DPD_MAX,12
BURO_AMT_CREDIT_SUM_MEAN,12
PREV_NAME_GOODS_CATEGORY_Furniture_MEAN,11
ACTIVE_AMT_CREDIT_SUM_DEBT_MEAN,11
POS_MONTHS_BALANCE_MEAN,11
PREV_DAYS_DECISION_MIN,11
DAYS_REGISTRATION,11
PREV_PRODUCT_COMBINATION_POS_industry_with_interest_MEAN,10
TOTALAREA_MODE,10
APPROVED_APP_CREDIT_PERC_MIN,10
OCCUPATION_TYPE_Core_staff,10
POS_NAME_CONTRACT_STATUS_Active_MEAN,10
APPROVED_DAYS_DECISION_MAX,10
PREV_HOUR_APPR_PROCESS_START_MEAN,9
POS_SK_DPD_DEF_MAX,9
BURO_DAYS_CREDIT_VAR,9
REGION_POPULATION_RELATIVE,9
ACTIVE_AMT_CREDIT_SUM_MEAN,9
BURO_STATUS_C_MEAN_MEAN,9
NAME_CONTRACT_TYPE_Revolving_loans,9
CLOSED_DAYS_CREDIT_ENDDATE_MAX,9
NAME_INCOME_TYPE_State_servant,9
DEF_60_CNT_SOCIAL_CIRCLE,9
APPROVED_HOUR_APPR_PROCESS_START_MAX,9
INSTAL_AMT_INSTALMENT_MEAN,8
PREV_NAME_YIELD_GROUP_XNA_MEAN,8
FLOORSMAX_AVG,8
PREV_CODE_REJECT_REASON_XAP_MEAN,8
ACTIVE_AMT_CREDIT_SUM_LIMIT_SUM,8
PREV_AMT_ANNUITY_MIN,8
PREV_APP_CREDIT_PERC_MAX,8
PREV_NAME_SELLER_INDUSTRY_XNA_MEAN,8
INSTAL_DPD_SUM,7
YEARS_BEGINEXPLUATATION_AVG,7
BURO_CREDIT_TYPE_Car_loan_MEAN,7
ACTIVE_AMT_CREDIT_SUM_DEBT_SUM,7
ACTIVE_AMT_CREDIT_SUM_DEBT_MAX,7
FLAG_OWN_CAR,7
LIVINGAREA_MEDI,7
REFUSED_APP_CREDIT_PERC_MEAN,7
YEARS_BEGINEXPLUATATION_MODE,7
PREV_PRODUCT_COMBINATION_Cash_X_Sell_high_MEAN,7
PREV_NAME_CLIENT_TYPE_New_MEAN,7
PREV_CHANNEL_TYPE_AP_Cash_loan__MEAN,7
APPROVED_CNT_PAYMENT_SUM,7
BURO_DAYS_CREDIT_ENDDATE_MAX,7
REG_CITY_NOT_LIVE_CITY,6
CLOSED_DAYS_CREDIT_MIN,6
PREV_DAYS_DECISION_MEAN,6
PREV_CHANNEL_TYPE_Channel_of_corporate_sales_MEAN,6
COMMONAREA_AVG,6
APPROVED_AMT_APPLICATION_MEAN,6
APPROVED_AMT_CREDIT_MAX,6
APPROVED_DAYS_DECISION_MIN,6
ACTIVE_MONTHS_BALANCE_SIZE_MEAN,6
PREV_NAME_GOODS_CATEGORY_XNA_MEAN,6
ACTIVE_AMT_CREDIT_SUM_SUM,6
NAME_INCOME_TYPE_Working,6
BURO_STATUS_0_MEAN_MEAN,6
ACTIVE_DAYS_CREDIT_UPDATE_MEAN,6
BURO_DAYS_CREDIT_UPDATE_MEAN,6
BASEMENTAREA_MODE,5
APPROVED_APP_CREDIT_PERC_MEAN,5
PREV_NAME_SELLER_INDUSTRY_Connectivity_MEAN,5
CLOSED_MONTHS_BALANCE_SIZE_SUM,5
PREV_NAME_CONTRACT_TYPE_Consumer_loans_MEAN,5
PREV_NAME_GOODS_CATEGORY_Computers_MEAN,5
PREV_NAME_PORTFOLIO_Cards_MEAN,5
BURO_AMT_CREDIT_SUM_LIMIT_MEAN,5
CLOSED_DAYS_CREDIT_MEAN,5
ACTIVE_DAYS_CREDIT_VAR,5
COMMONAREA_MODE,4
APPROVED_AMT_GOODS_PRICE_MIN,4
REFUSED_AMT_ANNUITY_MIN,4
INSTAL_DBD_MAX,4
INSTAL_DBD_MEAN,4
PREV_NAME_GOODS_CATEGORY_Clothing_and_Accessories_MEAN,4
PREV_HOUR_APPR_PROCESS_START_MIN,4
PREV_CODE_REJECT_REASON_HC_MEAN,4
AMT_REQ_CREDIT_BUREAU_QRT,4
BURO_CREDIT_TYPE_Credit_card_MEAN,4
POS_NAME_CONTRACT_STATUS_Completed_MEAN,4
BURO_AMT_CREDIT_SUM_DEBT_SUM,4
PREV_RATE_DOWN_PAYMENT_MAX,4
PREV_NAME_TYPE_SUITE_nan_MEAN,4
ORGANIZATION_TYPE_Self_employed,4
YEARS_BUILD_MEDI,4
APPROVED_AMT_CREDIT_MEAN,4
APPROVED_AMT_APPLICATION_MAX,4
NONLIVINGAREA_MODE,4
REFUSED_AMT_CREDIT_MEAN,4
LIVINGAREA_AVG,4
REFUSED_CNT_PAYMENT_MEAN,4
ACTIVE_DAYS_CREDIT_MIN,4
PREV_NAME_YIELD_GROUP_middle_MEAN,3
FLOORSMAX_MEDI,3
PREV_PRODUCT_COMBINATION_Cash_Street_middle_MEAN,3
PREV_NAME_GOODS_CATEGORY_Jewelry_MEAN,3
ENTRANCES_MEDI,3
LANDAREA_MEDI,3
CLOSED_DAYS_CREDIT_UPDATE_MEAN,3
ACTIVE_MONTHS_BALANCE_MIN_MIN,3
BURO_AMT_ANNUITY_MEAN,3
BURO_CNT_CREDIT_PROLONG_SUM,3
PREV_HOUR_APPR_PROCESS_START_MAX,3
PREV_WEEKDAY_APPR_PROCESS_START_SUNDAY_MEAN,3
PREV_NAME_PAYMENT_TYPE_XNA_MEAN,3
PREV_AMT_DOWN_PAYMENT_MEAN,3
YEARS_BUILD_MODE,3
APPROVED_HOUR_APPR_PROCESS_START_MEAN,3
APPROVED_AMT_GOODS_PRICE_MEAN,3
APPROVED_DAYS_DECISION_MEAN,3
FLOORSMAX_MODE,3
APPROVED_HOUR_APPR_PROCESS_START_MIN,3
REFUSED_HOUR_APPR_PROCESS_START_MIN,3
APPROVED_AMT_GOODS_PRICE_MAX,3
PREV_NAME_SELLER_INDUSTRY_Consumer_electronics_MEAN,3
REFUSED_AMT_CREDIT_MIN,3
REFUSED_AMT_APPLICATION_MEAN,3
APARTMENTS_MODE,3
YEARS_BUILD_AVG,3
INSTAL_PAYMENT_PERC_SUM,3
LIVINGAPARTMENTS_AVG,3
INSTAL_PAYMENT_DIFF_MAX,3
PREV_AMT_CREDIT_MAX,3
PREV_AMT_ANNUITY_MEAN,3
PREV_AMT_APPLICATION_MIN,3
PREV_AMT_GOODS_PRICE_MEAN,3
PREV_NAME_CONTRACT_TYPE_Revolving_loans_MEAN,3
PREV_NAME_PAYMENT_TYPE_Cash_through_the_bank_MEAN,3
PREV_NAME_GOODS_CATEGORY_Audio_Video_MEAN,3
PREV_NAME_SELLER_INDUSTRY_Clothing_MEAN,3
PREV_PRODUCT_COMBINATION_Card_Street_MEAN,2
PREV_PRODUCT_COMBINATION_Card_X_Sell_MEAN,2
APARTMENTS_MEDI,2
PREV_NAME_PORTFOLIO_XNA_MEAN,2
PREV_NAME_PORTFOLIO_POS_MEAN,2
PREV_NAME_PORTFOLIO_Cash_MEAN,2
NONLIVINGAREA_MEDI,2
COMMONAREA_MEDI,2
LIVINGAREA_MODE,2
APPROVED_AMT_CREDIT_MIN,2
APPROVED_AMT_ANNUITY_MAX,2
BASEMENTAREA_AVG,2
INSTAL_COUNT,2
REFUSED_AMT_GOODS_PRICE_MIN,2
ORGANIZATION_TYPE_Realtor,2
APPROVED_RATE_DOWN_PAYMENT_MAX,2
REFUSED_AMT_CREDIT_MAX,2
NONLIVINGAPARTMENTS_AVG,2
LANDAREA_AVG,2
APPROVED_AMT_ANNUITY_MIN,2
PREV_PRODUCT_COMBINATION_Cash_Street_low_MEAN,2
APPROVED_APP_CREDIT_PERC_VAR,2
PREV_PRODUCT_COMBINATION_POS_mobile_with_interest_MEAN,2
PREV_PRODUCT_COMBINATION_POS_industry_without_interest_MEAN,2
PREV_NAME_SELLER_INDUSTRY_Auto_technology_MEAN,2
PREV_NAME_PRODUCT_TYPE_x_sell_MEAN,2
PREV_NAME_PRODUCT_TYPE_XNA_MEAN,2
PREV_AMT_ANNUITY_MAX,2
INCOME_PER_PERSON,2
PREV_CNT_PAYMENT_SUM,2
PREV_DAYS_DECISION_MAX,2
BURO_CREDIT_DAY_OVERDUE_MEAN,2
PREV_NAME_CLIENT_TYPE_Repeater_MEAN,2
PREV_NAME_TYPE_SUITE_Unaccompanied_MEAN,2
PREV_CODE_REJECT_REASON_SCOFR_MEAN,2
PREV_NAME_GOODS_CATEGORY_Photo_Cinema_Equipment_MEAN,2
PREV_CODE_REJECT_REASON_LIMIT_MEAN,2
BURO_DAYS_CREDIT_ENDDATE_MIN,2
PREV_WEEKDAY_APPR_PROCESS_START_MONDAY_MEAN,2
PREV_WEEKDAY_APPR_PROCESS_START_FRIDAY_MEAN,2
BURO_AMT_CREDIT_SUM_DEBT_MAX,2
AMT_REQ_CREDIT_BUREAU_YEAR,2
CLOSED_DAYS_CREDIT_ENDDATE_MEAN,2
BURO_MONTHS_BALANCE_SIZE_MEAN,2
CLOSED_MONTHS_BALANCE_SIZE_MEAN,2
PREV_AMT_APPLICATION_MAX,2
BURO_AMT_CREDIT_SUM_LIMIT_SUM,2
BURO_AMT_CREDIT_SUM_OVERDUE_MEAN,2
REGION_RATING_CLIENT,2
BURO_AMT_ANNUITY_MAX,2
REFUSED_DAYS_DECISION_MIN,2
HOUR_APPR_PROCESS_START,2
REFUSED_CNT_PAYMENT_SUM,2
POS_SK_DPD_MEAN,2
AMT_INCOME_TOTAL,2
POS_NAME_CONTRACT_STATUS_Signed_MEAN,2
WEEKDAY_APPR_PROCESS_START_SATURDAY,1
POS_SK_DPD_MAX,1
REFUSED_AMT_GOODS_PRICE_MAX,1
REFUSED_AMT_GOODS_PRICE_MEAN,1
REFUSED_HOUR_APPR_PROCESS_START_MAX,1
REFUSED_HOUR_APPR_PROCESS_START_MEAN,1
INSTAL_PAYMENT_DIFF_VAR,1
INSTAL_NUM_INSTALMENT_VERSION_NUNIQUE,1
APARTMENTS_AVG,1
ELEVATORS_AVG,1
REFUSED_AMT_ANNUITY_MAX,1
ELEVATORS_MODE,1
ENTRANCES_MODE,1
LANDAREA_MODE,1
LIVINGAPARTMENTS_MODE,1
BASEMENTAREA_MEDI,1
YEARS_BEGINEXPLUATATION_MEDI,1
APPROVED_AMT_APPLICATION_MIN,1
APPROVED_AMT_DOWN_PAYMENT_MEAN,1
PREV_PRODUCT_COMBINATION_Cash_Street_high_MEAN,1
BURO_STATUS_X_MEAN_MEAN,1
BURO_CREDIT_ACTIVE_Sold_MEAN,1
ORGANIZATION_TYPE_Medicine,1
PREV_PRODUCT_COMBINATION_Cash_X_Sell_middle_MEAN,1
PREV_PRODUCT_COMBINATION_POS_household_without_interest_MEAN,1
PREV_PRODUCT_COMBINATION_POS_other_with_interest_MEAN,1
PREV_NAME_SELLER_INDUSTRY_Furniture_MEAN,1
PREV_NAME_SELLER_INDUSTRY_Industry_MEAN,1
LIVINGAPARTMENTS_MEDI,1
WALLSMATERIAL_MODE_Panel,1
PREV_CHANNEL_TYPE_Credit_and_cash_offices_MEAN,1
PREV_NAME_GOODS_CATEGORY_Direct_Sales_MEAN,1
OCCUPATION_TYPE_Security_staff,1
PREV_NAME_TYPE_SUITE_Family_MEAN,1
PREV_NAME_TYPE_SUITE_Other_A_MEAN,1
PREV_NAME_TYPE_SUITE_Other_B_MEAN,1
PREV_NAME_CASH_LOAN_PURPOSE_Other_MEAN,1
PREV_WEEKDAY_APPR_PROCESS_START_SATURDAY_MEAN,1
PREV_WEEKDAY_APPR_PROCESS_START_TUESDAY_MEAN,1
PREV_AMT_GOODS_PRICE_MIN,1
PREV_AMT_GOODS_PRICE_MAX,1
PREV_RATE_DOWN_PAYMENT_MIN,1
BURO_DAYS_CREDIT_MIN,1
PREV_RATE_DOWN_PAYMENT_MEAN,1
PREV_AMT_APPLICATION_MEAN,1
PREV_AMT_CREDIT_MIN,1
PREV_AMT_CREDIT_MEAN,1
PREV_APP_CREDIT_PERC_VAR,1
PREV_AMT_DOWN_PAYMENT_MIN,1
ACTIVE_MONTHS_BALANCE_SIZE_SUM,1
BURO_MONTHS_BALANCE_MIN_MIN,1
BURO_MONTHS_BALANCE_SIZE_SUM,1
NAME_HOUSING_TYPE_House_apartment,1
FLAG_DOCUMENT_18,1
BURO_CREDIT_TYPE_Consumer_credit_MEAN,1
BURO_CREDIT_TYPE_Loan_for_business_development_MEAN,1
CNT_FAM_MEMBERS,1
REFUSED_AMT_ANNUITY_MEAN,1
REFUSED_AMT_APPLICATION_MIN,1
INSTAL_PAYMENT_PERC_VAR,1
ORGANIZATION_TYPE_Industry_type_3,0
POS_NAME_CONTRACT_STATUS_XNA_MEAN,0
APPROVED_RATE_DOWN_PAYMENT_MIN,0
ORGANIZATION_TYPE_Religion,0
ORGANIZATION_TYPE_Restaurant,0
ORGANIZATION_TYPE_School,0
ORGANIZATION_TYPE_Security,0
ORGANIZATION_TYPE_Security_Ministries,0
ORGANIZATION_TYPE_Emergency,0
ORGANIZATION_TYPE_Government,0
BURO_CREDIT_CURRENCY_currency_1_MEAN,0
BURO_CREDIT_CURRENCY_currency_2_MEAN,0
BURO_CREDIT_CURRENCY_currency_3_MEAN,0
POS_NAME_CONTRACT_STATUS_Canceled_MEAN,0
INSTAL_PAYMENT_PERC_MAX,0
FLAG_WORK_PHONE,0
FLAG_CONT_MOBILE,0
FLAG_PHONE,0
NAME_HOUSING_TYPE_With_parents,0
OCCUPATION_TYPE_Accountants,0
FLAG_DOCUMENT_17,0
FLAG_DOCUMENT_19,0
FLAG_DOCUMENT_20,0
FLAG_DOCUMENT_21,0
AMT_REQ_CREDIT_BUREAU_HOUR,0
AMT_REQ_CREDIT_BUREAU_DAY,0
ORGANIZATION_TYPE_Agriculture,0
ORGANIZATION_TYPE_Bank,0
ORGANIZATION_TYPE_Business_Entity_Type_1,0
BURO_CREDIT_CURRENCY_currency_4_MEAN,0
BURO_CREDIT_TYPE_Another_type_of_loan_MEAN,0
BURO_CREDIT_TYPE_Cash_loan_non_earmarked__MEAN,0
BURO_CREDIT_TYPE_Interbank_credit_MEAN,0
BURO_CREDIT_TYPE_Loan_for_purchase_of_shares_margin_lending__MEAN,0
CLOSED_CNT_CREDIT_PROLONG_SUM,0
CLOSED_MONTHS_BALANCE_MIN_MIN,0
CLOSED_MONTHS_BALANCE_MAX_MAX,0
ACTIVE_CNT_CREDIT_PROLONG_SUM,0
ACTIVE_MONTHS_BALANCE_MAX_MAX,0
CLOSED_DAYS_CREDIT_ENDDATE_MIN,0
BURO_MONTHS_BALANCE_MAX_MAX,0
NAME_FAMILY_STATUS_Civil_marriage,0
NAME_FAMILY_STATUS_Separated,0
NAME_FAMILY_STATUS_Single_not_married,0
NAME_FAMILY_STATUS_Unknown,0
NAME_FAMILY_STATUS_Widow,0
NAME_HOUSING_TYPE_Co_op_apartment,0
NAME_HOUSING_TYPE_Municipal_apartment,0
NAME_HOUSING_TYPE_Office_apartment,0
NAME_HOUSING_TYPE_Rented_apartment,0
FLAG_DOCUMENT_9,0
FLAG_DOCUMENT_10,0
FLAG_DOCUMENT_11,0
FLAG_DOCUMENT_12,0
FLAG_DOCUMENT_13,0
FLAG_DOCUMENT_14,0
FLAG_DOCUMENT_15,0
FLAG_DOCUMENT_16,0
CLOSED_CREDIT_DAY_OVERDUE_MAX,0
CLOSED_CREDIT_DAY_OVERDUE_MEAN,0
CLOSED_AMT_CREDIT_SUM_DEBT_MAX,0
CLOSED_AMT_CREDIT_SUM_DEBT_MEAN,0
CLOSED_AMT_CREDIT_SUM_DEBT_SUM,0
CLOSED_AMT_CREDIT_SUM_OVERDUE_MEAN,0
CLOSED_AMT_CREDIT_SUM_LIMIT_MEAN,0
CLOSED_AMT_CREDIT_SUM_LIMIT_SUM,0
OCCUPATION_TYPE_Drivers,0
OCCUPATION_TYPE_HR_staff,0
OCCUPATION_TYPE_High_skill_tech_staff,0
OCCUPATION_TYPE_IT_staff,0
OCCUPATION_TYPE_Laborers,0
OCCUPATION_TYPE_Low_skill_Laborers,0
OCCUPATION_TYPE_Managers,0
OCCUPATION_TYPE_Medicine_staff,0
OCCUPATION_TYPE_Private_service_staff,0
PREV_NAME_CONTRACT_TYPE_Cash_loans_MEAN,0
FLAG_DOCUMENT_2,0
FLAG_DOCUMENT_4,0
FLAG_DOCUMENT_5,0
FLAG_DOCUMENT_6,0
FLAG_DOCUMENT_7,0
FLAG_DOCUMENT_8,0
PREV_NAME_CASH_LOAN_PURPOSE_Money_for_a_third_person_MEAN,0
PREV_NAME_CASH_LOAN_PURPOSE_Payments_on_other_loans_MEAN,0
PREV_NAME_CASH_LOAN_PURPOSE_Purchase_of_electronic_equipment_MEAN,0
PREV_NAME_CASH_LOAN_PURPOSE_Refusal_to_name_the_goal_MEAN,0
PREV_NAME_CONTRACT_TYPE_XNA_MEAN,0
PREV_WEEKDAY_APPR_PROCESS_START_THURSDAY_MEAN,0
PREV_WEEKDAY_APPR_PROCESS_START_WEDNESDAY_MEAN,0
PREV_FLAG_LAST_APPL_PER_CONTRACT_N_MEAN,0
PREV_FLAG_LAST_APPL_PER_CONTRACT_Y_MEAN,0
PREV_NAME_CASH_LOAN_PURPOSE_Building_a_house_or_an_annex_MEAN,0
PREV_NAME_CASH_LOAN_PURPOSE_Business_development_MEAN,0
PREV_NAME_CASH_LOAN_PURPOSE_Buying_a_garage_MEAN,0
PREV_NAME_CASH_LOAN_PURPOSE_Buying_a_holiday_home_land_MEAN,0
OCCUPATION_TYPE_Cleaning_staff,0
OCCUPATION_TYPE_Cooking_staff,0
BURO_CREDIT_DAY_OVERDUE_MAX,0
PREV_NAME_CONTRACT_STATUS_Canceled_MEAN,0
PREV_NAME_CONTRACT_STATUS_Unused_offer_MEAN,0
PREV_NAME_PAYMENT_TYPE_Cashless_from_the_account_of_the_employer_MEAN,0
PREV_NAME_PAYMENT_TYPE_Non_cash_from_your_account_MEAN,0
PREV_CODE_REJECT_REASON_CLIENT_MEAN,0
PREV_NAME_CASH_LOAN_PURPOSE_Buying_a_home_MEAN,0
PREV_NAME_CASH_LOAN_PURPOSE_Buying_a_new_car_MEAN,0
PREV_NAME_CASH_LOAN_PURPOSE_Buying_a_used_car_MEAN,0
PREV_NAME_CASH_LOAN_PURPOSE_Car_repairs_MEAN,0
PREV_NAME_CASH_LOAN_PURPOSE_Education_MEAN,0
PREV_NAME_CASH_LOAN_PURPOSE_Everyday_expenses_MEAN,0
PREV_NAME_CASH_LOAN_PURPOSE_Furniture_MEAN,0
PREV_NAME_CASH_LOAN_PURPOSE_Gasification_water_supply_MEAN,0
PREV_NAME_CASH_LOAN_PURPOSE_Hobby_MEAN,0
PREV_NAME_CASH_LOAN_PURPOSE_Journey_MEAN,0
PREV_NAME_CASH_LOAN_PURPOSE_Medicine_MEAN,0
ACTIVE_CREDIT_DAY_OVERDUE_MEAN,0
NAME_TYPE_SUITE_Other_A,0
NAME_TYPE_SUITE_Other_B,0
NAME_TYPE_SUITE_Spouse_partner,0
NAME_TYPE_SUITE_Unaccompanied,0
NAME_INCOME_TYPE_Businessman,0
NAME_INCOME_TYPE_Commercial_associate,0
NAME_INCOME_TYPE_Maternity_leave,0
NAME_INCOME_TYPE_Pensioner,0
NAME_INCOME_TYPE_Student,0
PREV_NAME_CLIENT_TYPE_Refreshed_MEAN,0
PREV_NAME_CASH_LOAN_PURPOSE_Repairs_MEAN,0
PREV_NAME_CASH_LOAN_PURPOSE_Urgent_needs_MEAN,0
PREV_NAME_CASH_LOAN_PURPOSE_Wedding_gift_holiday_MEAN,0
PREV_NAME_CASH_LOAN_PURPOSE_XAP_MEAN,0
PREV_NAME_CASH_LOAN_PURPOSE_XNA_MEAN,0
HOUSETYPE_MODE_specific_housing,0
HOUSETYPE_MODE_terraced_house,0
WALLSMATERIAL_MODE_Block,0
WALLSMATERIAL_MODE_Mixed,0
WALLSMATERIAL_MODE_Monolithic,0
PREV_CODE_REJECT_REASON_VERIF_MEAN,0
PREV_CODE_REJECT_REASON_XNA_MEAN,0
PREV_NAME_TYPE_SUITE_Children_MEAN,0
PREV_NAME_TYPE_SUITE_Group_of_people_MEAN,0
PREV_NAME_TYPE_SUITE_Spouse_partner_MEAN,0
AMT_REQ_CREDIT_BUREAU_WEEK,0
AMT_REQ_CREDIT_BUREAU_MON,0
NAME_TYPE_SUITE_Children,0
NAME_TYPE_SUITE_Family,0
NAME_TYPE_SUITE_Group_of_people,0
ACTIVE_CREDIT_DAY_OVERDUE_MAX,0
PREV_NAME_GOODS_CATEGORY_Education_MEAN,0
PREV_NAME_GOODS_CATEGORY_Fitness_MEAN,0
PREV_NAME_GOODS_CATEGORY_Gardening_MEAN,0
PREV_NAME_GOODS_CATEGORY_Homewares_MEAN,0
PREV_CODE_REJECT_REASON_SCO_MEAN,0
PREV_CODE_REJECT_REASON_SYSTEM_MEAN,0
OCCUPATION_TYPE_Realty_agents,0
OCCUPATION_TYPE_Sales_staff,0
OCCUPATION_TYPE_Secretaries,0
OCCUPATION_TYPE_Waiters_barmen_staff,0
WEEKDAY_APPR_PROCESS_START_FRIDAY,0
FONDKAPREMONT_MODE_not_specified,0
FONDKAPREMONT_MODE_org_spec_account,0
FONDKAPREMONT_MODE_reg_oper_account,0
FONDKAPREMONT_MODE_reg_oper_spec_account,0
HOUSETYPE_MODE_block_of_flats,0
PREV_NAME_GOODS_CATEGORY_Medical_Supplies_MEAN,0
PREV_NAME_GOODS_CATEGORY_Medicine_MEAN,0
PREV_NAME_GOODS_CATEGORY_Mobile_MEAN,0
PREV_NAME_GOODS_CATEGORY_Office_Appliances_MEAN,0
PREV_NAME_GOODS_CATEGORY_Other_MEAN,0
PREV_NAME_GOODS_CATEGORY_Sport_and_Leisure_MEAN,0
PREV_NAME_GOODS_CATEGORY_Tourism_MEAN,0
PREV_NAME_GOODS_CATEGORY_Vehicles_MEAN,0
PREV_NAME_GOODS_CATEGORY_Weapon_MEAN,0
PREV_NAME_PORTFOLIO_Cars_MEAN,0
PREV_NAME_CLIENT_TYPE_XNA_MEAN,0
PREV_NAME_GOODS_CATEGORY_Additional_Service_MEAN,0
PREV_NAME_GOODS_CATEGORY_Animals_MEAN,0
PREV_NAME_GOODS_CATEGORY_Auto_Accessories_MEAN,0
PREV_NAME_GOODS_CATEGORY_Construction_Materials_MEAN,0
PREV_NAME_GOODS_CATEGORY_Consumer_Electronics_MEAN,0
ORGANIZATION_TYPE_Trade_type_1,0
ORGANIZATION_TYPE_Trade_type_2,0
ORGANIZATION_TYPE_Trade_type_3,0
ORGANIZATION_TYPE_Trade_type_4,0
ORGANIZATION_TYPE_Trade_type_5,0
ORGANIZATION_TYPE_Trade_type_6,0
ORGANIZATION_TYPE_Trade_type_7,0
OBS_30_CNT_SOCIAL_CIRCLE,0
OBS_60_CNT_SOCIAL_CIRCLE,0
PREV_CHANNEL_TYPE_Car_dealer_MEAN,0
PREV_CHANNEL_TYPE_Contact_center_MEAN,0
PREV_CHANNEL_TYPE_Country_wide_MEAN,0
PREV_CHANNEL_TYPE_Regional_Local_MEAN,0
PREV_CHANNEL_TYPE_Stone_MEAN,0
PREV_NAME_GOODS_CATEGORY_House_Construction_MEAN,0
PREV_NAME_GOODS_CATEGORY_Insurance_MEAN,0
PREV_PRODUCT_COMBINATION_POS_others_without_interest_MEAN,0
PREV_PRODUCT_COMBINATION_nan_MEAN,0
PREV_NAME_SELLER_INDUSTRY_Construction_MEAN,0
PREV_NAME_SELLER_INDUSTRY_Jewelry_MEAN,0
PREV_NAME_SELLER_INDUSTRY_MLM_partners_MEAN,0
PREV_NAME_SELLER_INDUSTRY_Tourism_MEAN,0
ELEVATORS_MEDI,0
FLOORSMIN_MEDI,0
NONLIVINGAPARTMENTS_MEDI,0
WALLSMATERIAL_MODE_Others,0
WALLSMATERIAL_MODE_Stone_brick,0
WALLSMATERIAL_MODE_Wooden,0
EMERGENCYSTATE_MODE_No,0
EMERGENCYSTATE_MODE_Yes,0
ORGANIZATION_TYPE_Services,0
ORGANIZATION_TYPE_Telecom,0
BURO_CREDIT_TYPE_Mobile_operator_loan_MEAN,0
BURO_CREDIT_TYPE_Real_estate_loan_MEAN,0
BURO_CREDIT_TYPE_Unknown_type_of_loan_MEAN,0
BURO_STATUS_2_MEAN_MEAN,0
BURO_STATUS_3_MEAN_MEAN,0
BURO_STATUS_4_MEAN_MEAN,0
BURO_STATUS_5_MEAN_MEAN,0
BURO_CREDIT_ACTIVE_Bad_debt_MEAN,0
ORGANIZATION_TYPE_Legal_Services,0
ORGANIZATION_TYPE_Military,0
ORGANIZATION_TYPE_Mobile,0
ORGANIZATION_TYPE_Other,0
ORGANIZATION_TYPE_Police,0
ORGANIZATION_TYPE_Postal,0
PREV_PRODUCT_COMBINATION_POS_household_with_interest_MEAN,0
PREV_PRODUCT_COMBINATION_POS_mobile_without_interest_MEAN,0
PREV_PRODUCT_COMBINATION_Cash_MEAN,0
ORGANIZATION_TYPE_Transport_type_1,0
ORGANIZATION_TYPE_Transport_type_2,0
ORGANIZATION_TYPE_Transport_type_3,0
ORGANIZATION_TYPE_Transport_type_4,0
ORGANIZATION_TYPE_University,0
ORGANIZATION_TYPE_XNA,0
ORGANIZATION_TYPE_Industry_type_9,0
ORGANIZATION_TYPE_Insurance,0
ORGANIZATION_TYPE_Kindergarten,0
NAME_INCOME_TYPE_Unemployed,0
NAME_EDUCATION_TYPE_Academic_degree,0
NAME_EDUCATION_TYPE_Incomplete_higher,0
NAME_EDUCATION_TYPE_Lower_secondary,0
BURO_CREDIT_TYPE_Loan_for_the_purchase_of_equipment_MEAN,0
BURO_CREDIT_TYPE_Loan_for_working_capital_replenishment_MEAN,0
FLAG_EMAIL,0
ENTRANCES_AVG,0
FLOORSMIN_AVG,0
NONLIVINGAREA_AVG,0
ORGANIZATION_TYPE_Hotel,0
ORGANIZATION_TYPE_Housing,0
ORGANIZATION_TYPE_Industry_type_1,0
ORGANIZATION_TYPE_Industry_type_10,0
ORGANIZATION_TYPE_Industry_type_11,0
ORGANIZATION_TYPE_Industry_type_12,0
ORGANIZATION_TYPE_Industry_type_13,0
ORGANIZATION_TYPE_Industry_type_2,0
APPROVED_RATE_DOWN_PAYMENT_MEAN,0
FLOORSMIN_MODE,0
NONLIVINGAPARTMENTS_MODE,0
APPROVED_AMT_DOWN_PAYMENT_MIN,0
POS_NAME_CONTRACT_STATUS_Returned_to_the_store_MEAN,0
ORGANIZATION_TYPE_Industry_type_4,0
ORGANIZATION_TYPE_Industry_type_5,0
ORGANIZATION_TYPE_Industry_type_6,0
ORGANIZATION_TYPE_Industry_type_7,0
ORGANIZATION_TYPE_Industry_type_8,0
WEEKDAY_APPR_PROCESS_START_MONDAY,0
POS_NAME_CONTRACT_STATUS_Approved_MEAN,0
WEEKDAY_APPR_PROCESS_START_SUNDAY,0
WEEKDAY_APPR_PROCESS_START_THURSDAY,0
WEEKDAY_APPR_PROCESS_START_TUESDAY,0
WEEKDAY_APPR_PROCESS_START_WEDNESDAY,0
ORGANIZATION_TYPE_Advertising,0
POS_NAME_CONTRACT_STATUS_Amortized_debt_MEAN,0
ORGANIZATION_TYPE_Business_Entity_Type_2,0
REFUSED_APP_CREDIT_PERC_MAX,0
REG_REGION_NOT_LIVE_REGION,0
REG_REGION_NOT_WORK_REGION,0
LIVE_REGION_NOT_WORK_REGION,0
REG_CITY_NOT_WORK_CITY,0
LIVE_CITY_NOT_WORK_CITY,0
REFUSED_AMT_APPLICATION_MAX,0
ORGANIZATION_TYPE_Business_Entity_Type_3,0
ORGANIZATION_TYPE_Cleaning,0
ORGANIZATION_TYPE_Construction,0
ORGANIZATION_TYPE_Culture,0
ORGANIZATION_TYPE_Electricity,0
FLAG_OWN_REALTY,0
CNT_CHILDREN,0
FLAG_MOBIL,0
FLAG_EMP_PHONE,0
POS_NAME_CONTRACT_STATUS_Demand_MEAN,0
